{
  "timestep": 100352,
  "episode": 3345,
  "day": 2,
  "max_days": 30,
  "stocks": [
    0.0,
    0.0,
    0.0,
    0.0,
    0.0,
    0.0,
    0.0,
    0.0,
    0.0,
    6.0
  ],
  "yesterday_demand": [
    4.0,
    19.0,
    14.0,
    12.0,
    17.0,
    14.0,
    4.0,
    2.0,
    14.0,
    4.0
  ],
  "today_orders": [
    0.0,
    24.0,
    2.0,
    0.0,
    0.0,
    0.0,
    19.0,
    0.0,
    24.0,
    3.0
  ],
  "avg_7day": [
    9.571428571428571,
    12.571428571428571,
    10.571428571428571,
    10.571428571428571,
    14.142857142857142,
    8.142857142857142,
    9.428571428571429,
    12.714285714285714,
    11.428571428571429,
    5.0
  ],
  "avg_14day": [
    10.642857142857142,
    12.642857142857142,
    9.0,
    11.142857142857142,
    13.571428571428571,
    11.857142857142858,
    9.571428571428571,
    10.928571428571429,
    13.714285714285714,
    8.714285714285714
  ],
  "recent_reward": -2296.2177734375,
  "avg_reward": -1338.604787821849,
  "efficiency": 0.0,
  "perfect_days": 0,
  "total_stockouts": 2,
  "stockout_products": 8,
  "total_stock": 6.0,
  "warehouse_gap": 72.0,
  "timestamp": 1763371990.0886655
}