{
  "timestep": 100352,
  "episode": 3345,
  "day": 2,
  "stocks": [
    0.0,
    15.0,
    25.066590294241905,
    31.0,
    9.0,
    28.0,
    4.0,
    1.0,
    3.885283052921295,
    14.0
  ],
  "last_demand": [
    8,
    3,
    6,
    3,
    3,
    1,
    7,
    5,
    12,
    4
  ],
  "outstanding": [
    0.6892076134681702,
    0.0,
    0.9443581104278564,
    0.0,
    2.210894227027893,
    0.06032326817512512,
    0.9852524399757385,
    1.5468933880329132,
    3.2541918754577637,
    1.1205781698226929
  ],
  "last_order": [
    0.0,
    0.0,
    0.9443581104278564,
    0.0,
    1.7205365896224976,
    0.0,
    0.0,
    1.339022159576416,
    3.2541918754577637,
    1.1205781698226929
  ],
  "cumulative_sold": [
    11.0,
    7.0,
    11.0,
    7.0,
    6.0,
    1.0,
    13.0,
    10.0,
    19.0,
    7.0
  ],
  "recent_reward": -15.916177749633789,
  "avg_reward": 0.0,
  "overstock_days": 2,
  "understock_days": 2,
  "perfect_days": 0,
  "has_overstock": 4,
  "has_understock": 1,
  "holding_cost": 1.309518733471632,
  "total_unmet": 8.0,
  "overstock_amount": 66.0665902942419,
  "avg_daily_demand": [
    9.0,
    3.0,
    5.0,
    2.0,
    4.0,
    1.0,
    8.0,
    5.0,
    6.0,
    5.0
  ],
  "safety_stock": [
    7.0,
    7.0,
    5.0,
    2.0,
    5.0,
    4.0,
    5.0,
    3.0,
    5.0,
    2.0
  ],
  "lead_time": [
    3.0,
    3.0,
    1.0,
    2.0,
    3.0,
    2.0,
    2.0,
    4.0,
    1.0,
    3.0
  ],
  "timestamp": 1763233844.3325894
}