{
  "timestep": 22468,
  "episode": 748,
  "day": 28,
  "stocks": [
    0.0,
    0.0,
    0.0,
    0.0,
    0.0,
    0.0,
    0.0,
    0.0,
    6.091562956571579,
    0.0
  ],
  "last_demand": [
    1,
    11,
    8,
    6,
    3,
    3,
    10,
    0,
    0,
    1
  ],
  "outstanding": [
    7.752369713038206,
    0.0,
    0.9299730658531189,
    0.46511542797088623,
    1.9871481657028198,
    1.853605955839157,
    2.990042567253113,
    0.881892204284668,
    0.0,
    0.36293691396713257
  ],
  "last_order": [
    1.2386833429336548,
    0.0,
    0.5195609927177429,
    0.46511542797088623,
    0.0,
    0.9494519829750061,
    0.5669046640396118,
    0.0,
    0.0,
    0.36293691396713257
  ],
  "cumulative_sold": [
    33.28309527039528,
    45.40620076935738,
    29.16315618902445,
    50.81797781586647,
    46.662274956703186,
    20.891418129205704,
    46.98168444633484,
    41.23822043836117,
    20.146347105503082,
    24.551974622532725
  ],
  "recent_reward": -41.054046630859375,
  "avg_reward": 0.0,
  "overstock_days": 24,
  "understock_days": 26,
  "perfect_days": 0,
  "has_overstock": 0,
  "has_understock": 8,
  "holding_cost": 0.06091562956571579,
  "total_unmet": 40.99313244223595,
  "overstock_amount": 0.0,
  "avg_daily_demand": [
    2.0,
    9.0,
    9.0,
    7.0,
    2.0,
    4.0,
    7.0,
    6.0,
    3.0,
    2.0
  ],
  "safety_stock": [
    4.0,
    2.0,
    2.0,
    5.0,
    2.0,
    6.0,
    4.0,
    3.0,
    4.0,
    7.0
  ],
  "lead_time": [
    3.0,
    1.0,
    2.0,
    1.0,
    4.0,
    4.0,
    3.0,
    2.0,
    3.0,
    1.0
  ],
  "timestamp": 1763233